INSERT INTO curriculum_objectives (
  id, year_group, subject, strand, topic, statement, parent_explanation,
  teacher_evidence, expected_mastery, secure_mastery, retention_days, required_formats
) VALUES
  (
    'ma-y1-number-counting-within-100',
    1,
    'Mathematics',
    'Number',
    'Counting and place value',
    'Count to and across 100, forwards and backwards, beginning with 0 or 1, or from any given number.',
    'Can count forwards and backwards across decade boundaries and recognise when a number has been missed.',
    'Accurate oral counting, number-line placement, decade crossing and reduced adult prompting.',
    80,
    90,
    ARRAY[1,3,7,14],
    ARRAY['tap-sequence','number-line','oral-recall']
  ),
  (
    'en-y1-reading-common-exception-words',
    1,
    'English',
    'Reading',
    'Common exception words',
    'Read common exception words, noting unusual correspondences between spelling and sound.',
    'Can recognise tricky words without trying to sound out every regular pattern.',
    'Reads target words in isolation and in simple sentences with increasing automaticity.',
    80,
    90,
    ARRAY[1,3,7,14,30],
    ARRAY['tap-choice','listen-read','sentence-match']
  ),
  (
    'ma-y2-number-add-subtract-two-digit',
    2,
    'Mathematics',
    'Number',
    'Addition and subtraction',
    'Add and subtract numbers using concrete objects, pictorial representations and mentally, including two two-digit numbers.',
    'Can choose an efficient method and explain tens and ones when adding or subtracting.',
    'Uses representations, mental strategies and inverse checks across varied problems.',
    80,
    90,
    ARRAY[1,3,7,14],
    ARRAY['base-ten-build','number-line','word-problem']
  ),
  (
    'en-y2-writing-sentence-punctuation',
    2,
    'English',
    'Writing',
    'Sentence punctuation',
    'Use capital letters, full stops, question marks and exclamation marks to demarcate sentences.',
    'Can spot where a sentence starts and ends, then choose suitable punctuation.',
    'Edits sentences accurately and explains why punctuation choices fit the meaning.',
    80,
    90,
    ARRAY[1,3,7,14],
    ARRAY['sentence-fix','drag-punctuation','read-aloud']
  ),
  (
    'ma-y3-number-fractions-tenths',
    3,
    'Mathematics',
    'Fractions',
    'Tenths',
    'Recognise, find and write fractions of a discrete set of objects and recognise tenths.',
    'Can connect equal parts, fraction notation and quantities in sets.',
    'Represents tenths with objects, bars and number lines while avoiding whole-number counting errors.',
    80,
    90,
    ARRAY[1,3,7,14],
    ARRAY['fraction-build','sort-match','number-line']
  ),
  (
    'sc-y3-plants-functions',
    3,
    'Science',
    'Biology',
    'Plants',
    'Identify and describe the functions of different parts of flowering plants.',
    'Can explain what roots, stems, leaves and flowers do using simple cause-and-effect language.',
    'Labels plant parts, connects each part to a function and applies the idea to new examples.',
    80,
    90,
    ARRAY[1,3,7,14,30],
    ARRAY['label-diagram','matching','explain-back']
  ),
  (
    'en-y4-writing-fronted-adverbials',
    4,
    'English',
    'Writing',
    'Grammar and punctuation',
    'Use fronted adverbials and commas after fronted adverbials.',
    'Can move an adverbial phrase to the front of a sentence and punctuate it correctly.',
    'Builds, edits and explains sentence choices in varied writing contexts.',
    80,
    90,
    ARRAY[1,3,7,14],
    ARRAY['sentence-build','drag-drop','edit-choice']
  ),
  (
    'sc-y4-electricity-simple-circuits',
    4,
    'Science',
    'Physics',
    'Electricity',
    'Identify common appliances that run on electricity and construct a simple series electrical circuit.',
    'Can connect components in a complete loop and explain why a circuit works or fails.',
    'Builds circuit diagrams, diagnoses gaps and uses vocabulary such as cell, wire, bulb and switch.',
    80,
    90,
    ARRAY[1,3,7,14,30],
    ARRAY['circuit-build','diagnose','explain-back']
  ),
  (
    'ma-y5-number-fractions-equivalence',
    5,
    'Mathematics',
    'Fractions',
    'Equivalent fractions',
    'Identify, name and write equivalent fractions of a given fraction, represented visually.',
    'Can recognise that fractions can look different while representing the same value.',
    'Matches, generates and explains equivalent fractions using visual and symbolic representations.',
    80,
    90,
    ARRAY[1,3,7,14,30],
    ARRAY['fraction-wall','sort-match','explain-back']
  ),
  (
    'en-y5-reading-inference-evidence',
    5,
    'English',
    'Reading',
    'Inference',
    'Draw inferences such as inferring characters feelings, thoughts and motives from their actions, and justify inferences with evidence.',
    'Can use details from the text to support an inference rather than guessing from personal opinion.',
    'Selects evidence, explains reasoning and compares possible interpretations.',
    80,
    90,
    ARRAY[1,3,7,14,30],
    ARRAY['evidence-highlight','choice-justify','short-response']
  ),
  (
    'ma-y6-ratio-proportion-scale',
    6,
    'Mathematics',
    'Ratio and proportion',
    'Scale factors',
    'Solve problems involving similar shapes where the scale factor is known or can be found.',
    'Can identify the multiplicative relationship between corresponding lengths.',
    'Solves visual and word problems, explains scale factor and checks proportional reasoning.',
    80,
    90,
    ARRAY[1,3,7,14,30],
    ARRAY['scale-build','multi-step','explain-back']
  ),
  (
    'en-y6-writing-cohesion-devices',
    6,
    'English',
    'Writing',
    'Cohesion',
    'Use a range of devices to build cohesion within and across paragraphs.',
    'Can connect ideas clearly using pronouns, conjunctions, adverbials and paragraph links.',
    'Improves drafts by choosing cohesive devices that match the text purpose.',
    80,
    90,
    ARRAY[1,3,7,14,30],
    ARRAY['paragraph-order','sentence-link','edit-choice']
  ),
  (
    'ma-y7-algebra-simplify-expressions',
    7,
    'Mathematics',
    'Algebra',
    'Simplifying expressions',
    'Simplify and manipulate algebraic expressions by collecting like terms.',
    'Can recognise like terms and combine them without changing unlike terms.',
    'Simplifies expressions, explains term families and spots common sign errors.',
    80,
    90,
    ARRAY[1,3,7,14,30],
    ARRAY['term-sort','symbol-build','short-response']
  ),
  (
    'sc-y7-particles-states-of-matter',
    7,
    'Science',
    'Chemistry',
    'Particles',
    'Use the particle model to explain the properties of solids, liquids and gases.',
    'Can connect particle arrangement and movement to observable material properties.',
    'Sorts models, explains state changes and applies particle reasoning to unfamiliar examples.',
    80,
    90,
    ARRAY[1,3,7,14,30],
    ARRAY['simulation','sort-match','explain-back']
  )
ON CONFLICT (id) DO UPDATE SET
  year_group = EXCLUDED.year_group,
  subject = EXCLUDED.subject,
  strand = EXCLUDED.strand,
  topic = EXCLUDED.topic,
  statement = EXCLUDED.statement,
  parent_explanation = EXCLUDED.parent_explanation,
  teacher_evidence = EXCLUDED.teacher_evidence,
  expected_mastery = EXCLUDED.expected_mastery,
  secure_mastery = EXCLUDED.secure_mastery,
  retention_days = EXCLUDED.retention_days,
  required_formats = EXCLUDED.required_formats,
  updated_at = now();

INSERT INTO objective_prerequisites (objective_id, prerequisite_id) VALUES
  ('en-y1-reading-common-exception-words', 'en-y1-phonics-blend-cvc-words'),
  ('ma-y2-number-add-subtract-two-digit', 'ma-y1-number-counting-within-100'),
  ('en-y2-writing-sentence-punctuation', 'en-y1-reading-common-exception-words'),
  ('ma-y3-number-fractions-tenths', 'ma-y2-number-add-subtract-two-digit'),
  ('sc-y3-plants-functions', 'en-y2-writing-sentence-punctuation'),
  ('en-y4-writing-fronted-adverbials', 'en-y2-writing-sentence-punctuation'),
  ('sc-y4-electricity-simple-circuits', 'sc-y3-plants-functions'),
  ('ma-y5-number-fractions-equivalence', 'ma-y3-number-fractions-tenths'),
  ('en-y5-reading-inference-evidence', 'en-y2-writing-sentence-punctuation'),
  ('ma-y6-ratio-proportion-scale', 'ma-y5-number-fractions-equivalence'),
  ('en-y6-writing-cohesion-devices', 'en-y5-reading-inference-evidence'),
  ('ma-y7-algebra-simplify-expressions', 'ma-y6-ratio-proportion-scale'),
  ('sc-y7-particles-states-of-matter', 'sc-y4-electricity-simple-circuits')
ON CONFLICT DO NOTHING;

DELETE FROM objective_misconceptions WHERE objective_id IN (
  'ma-y1-number-counting-within-100',
  'en-y1-reading-common-exception-words',
  'ma-y2-number-add-subtract-two-digit',
  'en-y2-writing-sentence-punctuation',
  'ma-y3-number-fractions-tenths',
  'sc-y3-plants-functions',
  'en-y4-writing-fronted-adverbials',
  'sc-y4-electricity-simple-circuits',
  'ma-y5-number-fractions-equivalence',
  'en-y5-reading-inference-evidence',
  'ma-y6-ratio-proportion-scale',
  'en-y6-writing-cohesion-devices',
  'ma-y7-algebra-simplify-expressions',
  'sc-y7-particles-states-of-matter'
);

INSERT INTO objective_misconceptions (objective_id, description) VALUES
  ('ma-y1-number-counting-within-100', 'Skips decade numbers when crossing 29 to 30 or 39 to 40.'),
  ('ma-y1-number-counting-within-100', 'Counts from one every time instead of starting from a given number.'),
  ('en-y1-reading-common-exception-words', 'Tries to decode every letter using regular phonics patterns.'),
  ('en-y1-reading-common-exception-words', 'Recognises the word in isolation but not inside a sentence.'),
  ('ma-y2-number-add-subtract-two-digit', 'Adds ones to tens without keeping place value clear.'),
  ('ma-y2-number-add-subtract-two-digit', 'Uses counting-on for every problem even when a more efficient strategy is available.'),
  ('en-y2-writing-sentence-punctuation', 'Adds capital letters randomly instead of at sentence starts and proper nouns.'),
  ('en-y2-writing-sentence-punctuation', 'Uses full stops where a question mark is needed.'),
  ('ma-y3-number-fractions-tenths', 'Counts shaded parts without checking that all parts are equal.'),
  ('ma-y3-number-fractions-tenths', 'Treats the denominator as the number shaded rather than the number of equal parts.'),
  ('sc-y3-plants-functions', 'Names plant parts but cannot explain their function.'),
  ('sc-y3-plants-functions', 'Thinks flowers are only decorative and not part of reproduction.'),
  ('en-y4-writing-fronted-adverbials', 'Uses an opening phrase but forgets the comma.'),
  ('en-y4-writing-fronted-adverbials', 'Confuses fronted adverbials with any first word in a sentence.'),
  ('sc-y4-electricity-simple-circuits', 'Thinks a single wire from a cell is enough to light a bulb.'),
  ('sc-y4-electricity-simple-circuits', 'Confuses components with materials that conduct electricity.'),
  ('ma-y5-number-fractions-equivalence', 'Thinks larger denominators always mean larger fractions.'),
  ('ma-y5-number-fractions-equivalence', 'Changes only the numerator or denominator when making an equivalent fraction.'),
  ('en-y5-reading-inference-evidence', 'Gives a plausible inference but no evidence from the text.'),
  ('en-y5-reading-inference-evidence', 'Copies evidence without explaining what it proves.'),
  ('ma-y6-ratio-proportion-scale', 'Adds the same amount to side lengths instead of multiplying by a scale factor.'),
  ('ma-y6-ratio-proportion-scale', 'Uses different scale factors for corresponding dimensions.'),
  ('en-y6-writing-cohesion-devices', 'Adds linking words without checking whether ideas actually connect.'),
  ('en-y6-writing-cohesion-devices', 'Repeats nouns instead of using clear pronoun reference.'),
  ('ma-y7-algebra-simplify-expressions', 'Combines unlike terms such as x and x squared.'),
  ('ma-y7-algebra-simplify-expressions', 'Loses negative signs when collecting terms.'),
  ('sc-y7-particles-states-of-matter', 'Draws particles in liquids as far apart as gases.'),
  ('sc-y7-particles-states-of-matter', 'Explains state changes as particles changing size rather than arrangement or energy.');
